,community,density
0,0,0.04566188121188841
1,1,0.06533041161811463
2,2,0.06084217158458469
3,3,0.17913766434648104
4,4,0.12797328941324101
5,5,0.7543859649122807
6,6,0.12091610099417341
7,7,0.13385826771653545
8,8,0.03573573172847249
9,9,0.22025565388397247
10,10,0.7953216374269005
11,11,0.5654490106544902
12,12,0.5915397268111278
13,13,0.8666666666666667
14,14,0.11581920903954802
15,15,0.09391427894861473
