{"degree_range": [1, 126.0], "eign_range": [6.385265348738538e-14, 8.157790643996572e-05], "closeness_range": [0.1783686509824407, 0.3969806816314576], "betwness_range": [0.0, 3.7282666697046745e-05]}